Designator,Mid X,Mid Y,Rotation,Layer
C1,124.968,-95.758,90.0,top
C2,117.8052,-96.818,90.0,top
C3,131.7752,-90.5764,270.0,top
J1,102.036999,-79.709,180.0,top
J2,122.7328,-84.7052,180.0,top
J3,131.831198,-79.6544,180.0,top
J4,153.244,-84.6944,180.0,top
J5,160.782,-92.003998,90.0,top
R1,135.4328,-90.5516,270.0,top
U1,130.4044,-96.266,270.0,top
